{
  "pre_training": {
    "mean_H_policy": 3.171283721923828,
    "mean_H_ref": 3.171283721923828,
    "mean_kl": 0.0,
    "corr_H_KL": NaN,
    "corr_H_policy_H_ref": 0.9999999880790711
  },
  "post_training": {
    "mean_H_policy": 3.2391457557678223,
    "mean_kl": 0.010044834576547146,
    "corr_H_KL": 0.4079996347427368,
    "neg_kl_fraction": 0.0
  },
  "kl_trajectory": [
    3.341397678013891e-05,
    0.0002898830716731027,
    0.0003325307188788429,
    -6.772060442017391e-05,
    1.165375579148531e-06,
    -0.0010109729482792318,
    -0.0009243358217645437,
    -0.0013586500426754355,
    -0.0021700881188735366,
    -0.0008615077240392566,
    -0.004218893824145198,
    -0.0008330360578838736,
    -0.004541047848761082,
    -0.0031275232322514057,
    -0.0022604994010180235,
    -0.009093201253563166,
    -0.008746722713112831,
    -0.007988824741914868,
    -0.01021587522700429,
    -0.0131488973274827,
    -0.008515516761690378,
    -0.0023155283415690064,
    -0.012822750955820084,
    -0.01118255965411663,
    -0.016943609341979027,
    -0.012362890411168337,
    -0.004684578627347946,
    -0.010780162177979946,
    -0.03308584541082382,
    -0.02275903057307005
  ],
  "reward_trajectory": [
    0.9357156753540039,
    0.8491087555885315,
    0.6676492094993591,
    0.8790946006774902,
    0.8614969253540039,
    0.6733335256576538,
    0.9532937407493591,
    1.2114390134811401,
    0.9371805191040039,
    0.8539667129516602,
    0.9794354438781738,
    0.8395242691040039,
    0.7999734878540039,
    0.8614969253540039,
    0.7287039160728455,
    0.8574155569076538,
    1.2443289756774902,
    0.7813636064529419,
    0.9760491251945496,
    0.7003640532493591,
    0.6705628633499146,
    1.075871467590332,
    0.9171609878540039,
    0.7012585401535034,
    0.6451882719993591,
    0.9650321006774902,
    1.0289969444274902,
    0.7548569440841675,
    0.8746804594993591,
    0.7775320410728455
  ]
}